"0","  ggsave(""~/Desktop/dms_analysis/Plotting/Plots/Figures/SI4_TRPV1.pdf"", height = 5, width = 10, plot_violin_TRPV1)
"
"2","Warning:"
"2"," Removed 261 rows containing non-finite values (stat_ydensity).
"
"0","  ggsave(""~/Desktop/dms_analysis/Plotting/Plots/Figures/SI4_TRPV1.pdf"", height = 5, width = 10, plot_violin_TRPV1)"
"2","Warning:"
"2"," Removed 261 rows containing non-finite values (stat_ydensity).
"
"0","  ggsave(""~/Desktop/dms_analysis/Plotting/Plots/Figures/SI4_TRPV1.png"", height = 5, width = 10, plot_violin_TRPV1)"
"2","Warning:"
"2"," Removed 261 rows containing non-finite values (stat_ydensity).
"
